keyword,title,url,snippet,final_score,sentiment_score
"bitcoin","Crypto pros blast a potential move to exclude bitcoin holding companies from MSCI indexes - Business Insider","https://www.businessinsider.com/msci-crypto-index-bitcoin-treasury-strategy-btc-price-2025-12","",70.84,-0.5
"bitcoin","'Next Step Is Coming'—SEC Chair Issues 'Huge' Crypto Prediction As The Bitcoin Price Struggles - Forbes","https://www.forbes.com/sites/digital-assets/2025/12/07/next-step-is-coming-sec-chair-issues-huge-crypto-prediction-as-the-bitcoin-price-struggles/","",70.84,0.5
"bitcoin","Texas Invests $5 Million in Bitcoin Under New Law - GovTech","https://insider.govtech.com/texas/news/texas-invests-5-million-in-bitcoin-under-new-law","",70.84,1
"bitcoin","Sen. Gillibrand says 'nothing is holding up' progress on crypto market regulation: CNBC Crypto World - CNBC","https://www.cnbc.com/video/2025/12/09/sen-gillibrand-says-nothing-is-holding-up-progress-on-crypto-market-regulation-cnbc-crypto-world.html","On today's episode of CNBC Crypto World, bitcoin bounces as investor look ahead to this week’s rate decision from the Federal Reserve. Plus, Republican Sen. Cynthia Lummis says her goal is to share a draft of the Senate Banking Committee’s version of a crypto market structure bill by the end of the week, then let the crypto industry as well as Republicans and Democrats vet it and proceed to markup next week. And, Hashdex CIO Samir Kerbage discusses the asset manager's 2026 crypto outlook [...] Pro News",68.6,1
"bitcoin","Forget Interest Rates—Traders Are Quietly Braced For A $6.5 Trillion Fed Surprise That Could Blow Up Stocks, Crypto And The Bitcoin Price - Forbes","https://www.forbes.com/sites/digital-assets/2025/12/09/forget-interest-rates-traders-are-quietly-bracing-for-65-trillion-fed-surprise-that-could-blow-up-stocks-crypto-and-the-bitcoin-price/","",65.85,-0.5
"bitcoin","Hyperscale Data Bitcoin Treasury at Approximately $75 Million – Company Announcement - Financial Times","https://markets.ft.com/data/announce/detail?dockey=600-202512090600PR_NEWS_USPRX____SF42143-1","",65.85,1
"bitcoin","ETFs in the Crossfire Amid Bitcoin’s Growing Self-Custody Debate - Yahoo Finance","https://finance.yahoo.com/news/etfs-crossfire-amid-bitcoin-growing-215004125.html","",65.85,0
"bitcoin","Blockchain: Built to catch criminals - Thomson Reuters","https://www.thomsonreuters.com/en-us/posts/corporates/blockchain-catch-criminals/","",65.85,0.5
"bitcoin","Bitcoin's 2025 rollercoaster may end on a low - Reuters","https://www.reuters.com/business/finance/bitcoins-2025-rollercoaster-may-end-low-2025-12-09/","Bitcoin has struggled to regain its footing ever since and in November experienced its biggest monthly drop since mid-2021, although options market bearishness has ebbed a little in recent weeks, according to options platform Derive.xyz.

Traders as of late last week had assigned a 15% probability that bitcoin will finish the year below $80,000, compared with the 20% probability they had assigned just a few weeks ago. [...] Exclusive news, data and analytics for financial market professionalsLearn more aboutRefinitiv

Bitcoin's correlation with equities strengthening, driven by retail and institutional adoption

After October crash, bitcoin has struggled; may end down for the year

AI stock volatility affects crypto movements, raising bubble concerns

Fed rate cut expectations influence crypto market sentiment [...] Dec 9 (Reuters) - With a series of record highs and crushing sell-offs, 2025 has been a rollercoaster ride for bitcoin, the world's largest cryptocurrency, which is at risk of ending the year with its first annual decline since 2022.",64.75,-0.5
"bitcoin","Everything Everywhere All At Once – Now Tokenized - Forbes","https://www.forbes.com/sites/fredhubler/2025/12/09/everything-everywhere-all-at-once--now-tokenized/","",60.85,0.5
"bitcoin","Crypto fortunes vanishing: Estate planning crisis hits digital wealth - The Tech Buzz","https://www.techbuzz.ai/articles/crypto-fortunes-vanishing-estate-planning-crisis-hits-digital-wealth","",60.85,-0.5
"bitcoin","There's no Dow or S&P 500 for cryptocurrencies yet. Bitwise is getting a step closer with new ETF - CNBC","https://www.cnbc.com/2025/12/09/theres-no-dow-or-sp-500-for-cryptocurrencies-yet-bitwise-is-getting-a-step-closer-with-new-etf.html","The Bitwise 10 Crypto Index ETF (BITW) holds the following 10 digital assets: Bitcoin, ether, XRP, Solana, Chainlink, Litecoin, Cardano, Avalanche, Sui and Polkadot.

This makes BITW the first ETF by a major crypto asset manager to include Cardano, Avalanche, Sui and Polkadot, Bitwise CEO and co-founder Hunter Horsley told CNBC.

The new Bitcoin token is photographed on U.S. $100 bills.

Sopa Images | Lightrocket | Getty Images [...] This move follows the Securities and Exchange Commission's approval of a rash of spot bitcoin ETFs in the U.S. in January 2024. Since then, asset managers have jockeyed for approvals to launch ETFs tracking a wider range of digital assets, from altcoins like sui and aptos to memecoins such as official Trump and dogecoin. [...] The Bitwise 10 Crypto Index ETF (BITW) holds the following 10 digital assets: Bitcoin, ether, XRP, Solana, Chainlink, Litecoin, Cardano, Avalanche, Sui and Polkadot. The conversion makes BITW the first ETF by a major crypto asset manager to include Avalanche, Sui and Polkadot, Bitwise CEO and co-founder Hunter Horsley told CNBC.",58.89,0
"bitcoin","Should You Buy Bitcoin While It's Under $100,000? - The Motley Fool","https://www.fool.com/investing/2025/12/05/should-you-buy-bitcoin-while-its-under-100000/","# Should You Buy Bitcoin While It's Under $100,000? * If history is any guide, Bitcoin will likely hit another all-time high during the next bull market cycle. ### Bitcoin. ## Bitcoin vs. After all, it's not as if Bitcoin is the only cryptocurrency that has fallen off a cliff during the past two months. Bitcoin, given its size and heft, is still the benchmark cryptocurrency that takes the crypto market either higher or lower. This timing might seem highly arbitrary, except for one key fact: Bitcoin has a halving event every four years. Bitcoin will likely regain its all-time high of $126,000 during the next bull market cycle before continuing its ascent ever higher. The stock is down 35% for the year, and there have been rumblings that Strategy (formerly known as MicroStrategy) may need to sell some of its Bitcoin holdings to pay down debt it took on to buy the crypto. 2 Top Cryptocurrencies to Buy With $200 Right Now. Prediction: Bitcoin Will Hit $130,000 in 2026.",55.94,0.5
"bitcoin","Is an ETF Safer than an Exchange for Bitcoin? - BeInCrypto","https://beincrypto.com/etfs-crossfire-bitcoin-self-custody-debate/","",55.84,0
"bitcoin","American Bitcoin increases holdings by 363 bitcoins, bringing total holdings to 4,367 bitcoins - Bitget","https://www.bitget.com/amp/news/detail/12560605095940","",50.85,0
"bitcoin","BlackRock files application with SEC for staked ether ETF: CNBC Crypto World - CNBC","https://www.cnbc.com/video/2025/12/08/blackrock-files-application-with-sec-for-staked-ether-etf-cnbc-crypto-world.html","",50.85,0
"bitcoin","Falling crypto prices put investors in a 'unique' position to take advantage of a classic tax strategy, says CPA - CNBC","https://www.cnbc.com/2025/12/03/cpa-falling-crypto-prices-put-investors-in-position-for-tax-loss-harvesting.html","",50.85,0.5
"bitcoin","CNBC: Biggest Crypto Estate Planning and Tax Mistakes Investors Make in 2025 - Blockchain News","https://blockchain.news/flashnews/biggest-crypto-estate-planning-and-tax-mistakes-investors-make-in-2025","",50.85,0
"bitcoin","Perky Australian Dollar Looks to Extend Gains - The Wall Street Journal","https://www.wsj.com/finance/currencies/perky-australian-dollar-looks-to-extend-gains-ca2f5e9e?gaa_at=eafs&gaa_n=AWEtsqc7LmAdHQP7-fZEH13rCTuPt-udbol14QebzylyHbQ2nIMpP1cWLU52&gaa_ts=69376a55&gaa_sig=wlKvRHYf5qzN-svIKBegAuEsH87x9LJIWxvdlxajkDAvWoC6jCpVJbWbxMmGDdQX-1Y0E6z47FhPKRdNjw-z3w%3D%3D","",30.85,0
"bitcoin","Silver Hits Fresh Record on U.S. Rate Cut Bets, Supply Tightness - The Wall Street Journal","https://www.wsj.com/finance/commodities-futures/silver-hits-fresh-record-on-u-s-rate-cut-bets-supply-tightness-46cefae6?gaa_at=eafs&gaa_n=AWEtsqcmp7lsO2cRu3G7uCFuVIofrS0FEVlNC1koz3pnCAV0BHdWY1RdUuoi&gaa_ts=6938699e&gaa_sig=a_EYmrS54-uFKu_iwo3WZI3m6360vriESQb1cWCYQTwSX5vYCX-7SVRppqZMHWm3wFOm5VddehAXsrsmTTziGg%3D%3D","",30.85,0
"rare earth","Tronox stock jumps on $600M potential EXIM-EFA financing - Mining.com","https://www.mining.com/tronox-stock-jumps-on-600m-potential-exim-efa-financing/","Staff Writer | December 9, 2025 | 11:20 am  Critical Minerals Markets News Australia USA Rare Earth

Industrial facility for processing rare earth elements. Stock image.

Tronox Holdings’ (NYSE: TROX) stock surged Tuesday after it announced it received coordinated, conditional letters of support and interest from the Export-Import Bank of the United States (EXIM) and Export Finance Australia (EFA) for potential limited financing of up to $600 million. [...] The financing would support development of the Stamford, Connecticut-based company’s rare earth supply chain, including mine extensions, infrastructure support, and cracking and leaching capacity.

Tronox is also a global producer of titanium products from its mineral sands mines in Australia, South Africa and Brazil. [...] The company said it is advancing a definitive feasibility study for a proposed cracking and leaching facility in Western Australia, aimed at producing mixed rare earth carbonate containing both light and heavy rare earth elements.

Tronox already mines and sells tailings material containing monazite. This financing would see the company capture multiples more value from its supply base, it said.",77.5,1
"rare earth","USA Rare Earth Subsidiary LCM Partners with Arnold Magnetic Technologies to Secure Rare Earth Metals Supply - The Manila Times","https://www.manilatimes.net/2025/12/04/tmt-newswire/globenewswire/usa-rare-earth-subsidiary-lcm-partners-with-arnold-magnetic-technologies-to-secure-rare-earth-metals-supply/2236997","USA Rare Earth Subsidiary LCM Partners with Arnold Magnetic Technologies to Secure Rare Earth Metals Supply. # USA Rare Earth Subsidiary LCM Partners with Arnold Magnetic Technologies to Secure Rare Earth Metals Supply. Leveraging LCM’s metal and alloy making expertise, the agreement will ensure a reliable, ex-China source of high-quality rare-earth materials for Arnold’s production of advanced permanent magnets. ""LCM’s role demonstrates the strategic importance of secure, reliable sourcing, and how collaboration between trusted partners can guarantee sustainable access to critical rare-earth materials for global magnet manufacturers.”. (Nasdaq: USAR) is developing a rare earth sintered neo magnet (NdFeB or neo) manufacturing plant in Stillwater, Oklahoma, and intends to establish domestic rare earth and critical minerals supply, extraction, and processing capabilities to both supply its magnet manufacturing plant and market surplus materials to third parties. USAR's focus on developing domestic rare earth production aligns with national priorities, offering the potential of a sustainable and secure domestic supply of materials critical to key industries.",72.93,1
"rare earth","ASM ‘deepens’ Noveon link as it looks to develop US operations - Australian Mining","https://www.australianmining.com.au/asm-deepens-noveon-link-as-it-looks-to-develop-us-operations/","Australian Strategic Materials (ASM) announced the further sale of 60 tonnes of high-purity neodymium iron boron (NdFeB) alloy to Noveon Magnetics, under its existing 100-tonne supply contract. This support, Smith said, is geared towards Noveon’s production of US-made permanent magnets, which are seen as critical to the development of secure, sovereign supply chains for defence, energy technologies, and electric vehicle applications, among others. In light of the sale, Smith also added that the Korean metals plant’s production continues to ramp up, and that ASM is now fully funded to expand the plant to a production capacity of 3600 tonnes per annum of NdFeB alloy. “The plant is a cornerstone of ASM’s mine to metals strategy to provide solutions for critical materials, from resource to refined product,” Smith said. The company said it is looking forward to continuing its partnership with Noveon and expanding its role in the global supply chain for rare earth and critical metal alloys.",72.14,0.7
"rare earth","US military developing small refineries for critical minerals - Reuters","https://www.reuters.com/business/energy/us-military-developing-small-refineries-critical-minerals-2025-12-09/","",70.84,0.5
"rare earth","Liontown inks spodumene supply deal with China’s Canmax Technologies - Mining.com","https://www.mining.com/web/liontown-inks-spodumene-supply-deal-with-chinas-canmax-technologies/","",70.84,1
"rare earth","US minerals projects seek ‘industrial vision’ from Washington to compete with China - KITCO","https://www.kitco.com/news/off-the-wire/2025-12-05/us-minerals-projects-seek-industrial-vision-washington-compete-china","",70.84,0.5
"rare earth","Morgan Stanley upgrades rare earth stock, says the U.S. has chosen it as solution to China's dominance - CNBC","https://www.cnbc.com/2025/12/05/morgan-stanley-upgrades-rare-earth-stock-says-the-us-has-chosen-it-as-solution-to-chinas-dominance.html","# Morgan Stanley upgrades rare earth stock, says the U.S. has chosen it as solution to China's dominance. MP Materials is one stock that could benefit as the Trump administration tries to bring the production of rare earths closer to home, according to Morgan Stanley. MP YTD mountain MP YTD chart As a catalyst, De Alba pointed to MP's development of a ""fully domestic rare earth mine-to-magnet supply chain in the U.S.,"" putting it in the prime position to benefit as the U.S. tries to develop ex-China supply chains. Another benefit is that this deal provides MP with ""significant flexibility in the upstream at zero capital costs."" To De Alba, this deal is proof of the ""U.S. having effectively chosen MP Materials as the U.S. solution."" The deal also underscores MP's vertical integration strategy to go from mine to magnet production, making it the only global fully integrated supplier of permanent magnets, the analyst added.",70.75,1
"rare earth","India’s journey to self-sustenance in the Rare Earth ecosystem - Times of India","https://timesofindia.indiatimes.com/auto/news/indias-journey-to-self-sustenance-in-the-rare-earth-ecosystem/articleshow/125733951.cms","Although, the restrictions eased out with China allowing export of light rare earths in Aug ‘25, inherent risk of potential supply chain disruptions continue to exist.India also has rich reserves of rare earths estimated at ~7 Mn Tons & is involved in the production of Nd(Neodymium) / Nd-Pr (Neodymium-Praseodymium) Oxides, which is a precursor for the manufacturing of Nd metal.Currently, there is a bottleneck in the midstream & downstream with very limited presence of players involved in the manufacturing of Nd metals & subsequently Neo magnets, due to regulatory hurdles and reliance on low-cost Chinese imports. China’s export unpredictability underscores the urgency for Indian manufacturers and policymakers to accelerate domestic integration, supporting both the EV30@30 goal (30% EV penetration by 2030) and “China+1” strategy to reduce supply chain risk and maximize upstream potential.Currently, ~100% of India’s rare earth magnet demand is fulfilled through imports.",67.78,0.5
"rare earth","Greenland grants 30-year licence to EU-backed graphite project - Mining.com","https://www.mining.com/greenland-grants-30-year-licence-to-eu-backed-graphite-project/","# Greenland grants 30-year licence to EU-backed graphite project [...] Copper $ 5.351 / lb  -1.45%

Go to MDC Markets [...] Located in the Nanortalik region of southern Greenland, the Amitsoq project is host to one of the world’s highest-grade graphite deposits, with an estimated JORC-compliant resource of 23 million tonnes at an average grade of 20.41% graphitic carbon, for a total graphite content of 4.71 million tonnes.",66.41,0.5
"rare earth","REalloys reaches rare earths tie-up with Canada-backed council - Mining.com","https://www.mining.com/web/realloys-reaches-rare-earths-tie-up-with-canada-backed-council/","",65.85,1
"rare earth","China to limit access to Nvidia's H200 chips despite Trump export approval, FT reports - Reuters","https://www.reuters.com/world/china/nvidia-shares-gain-trump-allows-some-ai-chip-sales-china-2025-12-09/","",65.85,0
"rare earth","Tasmania emerges as rare earths hub - Australian Mining","https://www.australianmining.com.au/tasmania-emerges-as-rare-earths-hub/","",65.85,1
"rare earth","The Failed Crusade to Keep a Rare-Earths Mine Out of China’s Hands - tovima.com","https://www.tovima.com/wsj/the-failed-crusade-to-keep-a-rare-earths-mine-out-of-chinas-hands/","",65.85,-0.5
"rare earth","Morningstar starts coverage on Australia's Lynas, sees shares overpriced - TradingView","https://www.tradingview.com/news/reuters.com,2025:newsml_L6N3XD04V:0-morningstar-starts-coverage-on-australia-s-lynas-sees-shares-overpriced/","# Morningstar starts coverage on Australia's Lynas, sees shares overpriced. RefinitivLess than 1 min read. \*\* Morningstar kicks off coverage on Lynas LYC, world's top rare-earths producer outside China, pegging fair value estimate at A$7. \*\* Projects EBITDA to surge to a 5-year CAGR of 65%, fuelled by rising sales and firmer prices of rare earth neodymium-praseodymium (NdPr), vital to magnets that power EVs, with volumes expected to double to ~12,500 metric tons by FY30. \*\* However, flags that shares look overpriced despite robust growth prospects, with market baking in lofty rare-earth assumptions; hitting the current share price would require midcycle NdPr price tag of ~$220/kg, more than double Morningstar's view of $100/kg. \*\* Stock has more than doubled in value this year, surging 119.9%. Click For Restrictions -  Login or create a forever free account to read this news. ## More news from Reuters.",64.65,-0.5
"rare earth","Congo miners urge urgent talks to clear cobalt export backlog - KITCO","https://www.kitco.com/news/off-the-wire/2025-12-08/congo-miners-urge-urgent-talks-clear-cobalt-export-backlog","Congo’s mining lobby has called for urgent talks with the government to clarify new cobalt export rules, and said that legal ambiguities and compliance hurdles could delay shipments and disrupt global battery supply chains. In the letter to the mines minister dated December 5 and seen by Reuters, the Chamber of Mines said exporters face “serious difficulties” in applying quotas and have repeatedly sought, without success, a meeting with ARECOMS to clarify concerns over its role, the legality of mandatory prepayments, and new documentation requirements that have stalled shipments. China, which controls about 70–75% of global cobalt refining capacity and supplies major companies, including automakers Tesla and BYD and battery maker CATL, depends on Congo for feedstock, making any export delay a threat to EV and battery supply chains. China is unlikely to see cobalt shipments from Congo’s new export quota before April, a veteran Chinese analyst said, citing slow local government procedures and poor road infrastructure hampering transport.",62.29,-0.5
"rare earth","State seeks public input on Oregon’s first cyanide-processed gold mining operation","https://oregoncapitalchronicle.com/2025/12/09/state-seeks-public-input-on-oregons-first-cyanide-processed-gold-mining-operation/","",60.85,-0.5
"rare earth","MP Materials CEO Litinsky sells $24.2 million in stock By Investing.com - Investing.com Canada","https://ca.investing.com/news/insider-trading-news/mp-materials-ceo-litinsky-sells-242-million-in-stock-93CH-4352311","#### Popular Searches. ##### Please try another search. # MP Materials CEO Litinsky sells $24.2 million in stock. MP Materials CEO Litinsky sells $24.2 million in stock. View all comments (0)0. The shares sold were held by James Henry Litinsky, Trustee of James Henry Litinsky Revocable Trust u/a/d 10/19/2011. Morgan Stanley upgraded the stock from Equalweight to Overweight, raising its price target to $71.00, while BMO Capital upgraded it from Market Perform to Outperform, setting a slightly lower price target of $75.00. These upgrades come amidst MP Materials’ ongoing efforts to establish a domestic rare earth supply chain in the United States. The company plans to begin commercial production of permanent magnets by the end of 2025. MP Materials CEO Litinsky sells $24.2 million in stock. View all comments (0)0. ## Latest comments. Prices of cryptocurrencies are extremely volatile and may be affected by external factors such as financial, regulatory or political events. © 2007-2025 - Fusion Media Limited.",60.14,0.5
"rare earth","China Trade Surplus Tops $1 Trillion On Non-US Growth - Marine Link","https://www.marinelink.com/news/china-trade-surplus-tops-trillion-nonus-533254","China's trade surplus topped $1 trillion for the first time as manufacturers seeking to avoid President Donald Trump's tariffs shipped more to non-U.S. markets in November, with exports to Europe, Australia and Southeast Asia surging. ""The tariff cuts agreed under the U.S.-China trade truce didn't help to lift shipments to the U.S. last month, but overall export growth rebounded nonetheless,"" said Zichun Huang, China economist at Capital Economics. China has stepped up efforts to diversify its export markets since Trump won November 2024's U.S. election, pursuing closer trade ties with Southeast Asia and the European Union. October's unexpected downturn, following an 8.3% surge the month prior, signalled that Chinese exporters' tactic of front-loading U.S.-bound shipments to beat Trump's tariffs had run its course. Although Chinese factory owners reported an improvement in new export orders in November, they were still in contraction, underscoring continued uncertainty for manufacturers as they struggle to replace demand in the absence of U.S. buyers.",56.82,0
"rare earth","Johann Wadephul - Mining.com","https://www.mining.com/web/germanys-top-diplomat-sees-progress-in-china-rare-earth-talks/54514436695_40b36ef08e_b/","",55.84,0
"rare earth","Lode Gold Enters into Exclusive LOI with a Mining Company to Advance Fremont Gold Project and Repay Debt - Yahoo Finance","https://finance.yahoo.com/news/lode-gold-enters-exclusive-loi-210100584.html","",50.85,0.5
"rare earth","minerals-and-metals-to average-higher - Mining.com","https://www.mining.com/global-scramble-for-critical-minerals-to-shape-markets-in-2026-bmi/minerals-and-metals-to-average-higher/","",40.84,0
"tesla","Trump plans to weaken vehicle mileage rules that limit air pollution - Los Angeles Times","https://www.latimes.com/environment/story/2025-12-03/trump-plans-to-weaken-vehicle-mileage-rules-that-limit-air-pollution","",70.84,-1
"tesla","Fuel economy rollback - Boise State Public Radio","https://www.boisestatepublicradio.org/2025-12-03/fuel-economy-rollback","",70.84,-0.5
"tesla","2026 Tesla Model Y review: Spending one week with the new Model Y - Forbes","https://www.forbes.com/sites/matthewmacconnell/2025/12/08/test-driving-the-2026-tesla-model-y/","# Test-Driving The 2026 Tesla Model Y. The Tesla Model Y no longer looks like the love child of a Model X and Model 3; I always thought it looked awkward and, well, a bit dull. ## 2026 Tesla Model Y Specs. ## Life With The 2026 Tesla Model Y. I’m too cool for keys."" But I later found out this is merely a secondary option, as you’re meant to use the Tesla phone app to control the car’s doors. ## What’s The 2026 Tesla Model Y Like To Drive? In its Chill driving setting, the one the car remained most in, the Tesla is linear and calm. After some mixed driving (motorway, town and city), the Tesla Model Y returned 3.3mi/kWh over 100 miles. ## 2026 Tesla Model Y Verdict. Tesla has nailed the Model Y’s looks. The 2026 Tesla Model Y is priced from £48,000.",70.09,0.5
"tesla","Tesla launches low-cost Model 3 Standard in Europe in bid to recover market share - Automotive News","https://www.autonews.com/tesla/ane-tesla-model-3-standard-europe-1204/","",65.85,1
"tesla","Tesla Stock Today (TSLA): What to Know Before the Market Opens on December 8, 2025 - ts2.tech","https://ts2.tech/en/tesla-stock-today-tsla-what-to-know-before-the-market-opens-on-december-8-2025/","",65.85,-0.5
"tesla","Musk says new Tesla software allows texting and driving, which is illegal in most states - TechCrunch","https://techcrunch.com/2025/12/04/musk-says-new-tesla-software-allows-texting-and-driving-which-is-illegal-in-most-states/","",65.85,-0.5
"tesla","Tesla Makes Top 10 In ‘Consumer Reports’ 2026 Automotive Brand Ranking - Forbes","https://www.forbes.com/sites/sashalekach/2025/12/04/tesla-makes-top-10-in-consumer-reports-2026-automotive-brand-ranking/","# Tesla Makes Top 10 In ‘Consumer Reports’ 2026 Automotive Brand Ranking. Tesla is the only electric vehicle company to make the top 10 in the Consumer Reports 2026 automotive brand report card, which was released Thursday. Tesla came in tenth place with an overall score of 72 from the consumer advocacy organization. The rankings use overall score and safety ratings for each vehicle in the brand’s lineup. The overall score takes into account the group’s road-test scores along with reliability and owner satisfaction data. Tesla tied with Mini and Kia for overall score. In terms of reliability, Tesla ranked ninth with a score of 50 while the only other all-electric company in the mix, Rivian, was dead last with 24. For the CR 2025 report card, Tesla ranked 18th with a 36 reliability score. Seven of the 10 least reliable cars are either plug-in hybrids or EVs. But Tesla is a bright spot in EV reliability: the Model Y is the most reliable EV.",63.29,1
"tesla","Trump administration rolls back fuel economy standards - Iowa Public Radio","https://www.iowapublicradio.org/news-from-npr/2025-12-03/trump-administration-rolls-back-fuel-economy-standards","The Trump administration has already defanged the existing CAFE standards by eliminating the fines associated with them, as part of the One Big Beautiful Bill Act. Under Former President Joe Biden, the rules called for vehicles to get 2% more efficient every year; the Trump administration is now proposing to revert to the 2022 baseline and increase by .5% annually. Meanwhile, during the second Trump presidency Congress has also eliminated the consumer tax credit for purchasing electric vehicles, decided to end a tax credit for installing an EV charger in June 2026, earlier than planned, and voted to strike down federal waivers that let California require automakers to build zero-emission vehicles. Trump campaigned against what he called the ""electric vehicle mandate,"" and promised to rescind policies — including fuel economy standards — that encouraged or incentivized EVs. Trump has framed the policy rollback as a gift to the auto industry.",62.99,-0.5
"tesla","Tesla Cracks Consumer Reports Top 10 For First Time As Aging Lineup Boosts Reliability - evxl.co","https://evxl.co/2025/12/07/tesla-cracks-consumer-reports-top-10/","",55.84,0.5
"tesla","Here are Tuesday's biggest analyst calls: Nvidia, Apple, Tesla, Micron, Viking, Netflix, Apple, Viking, Delta & more - CNBC","https://www.cnbc.com/2025/12/09/tuesday-stocks-from-analyst-calls-like-nvidia.html","investors. ""As for Tesla and Rivian, we continue to like the autonomy and AI angles, and believe that if Tesla demonstrates Robotaxi city expansion, Cybercab production, and progress on Optimus, the stock can work even if the EV business is weaker."" Citizens JMP initiates Galaxy Digital as market outperform The firm said the crypto company is firing on all cylinders. ""We initiate coverage of Galaxy Digital ( GLXY) with a Market Outperform rating and $60 price target, representing ~130% [...] Cybersecurity",49.6,0
"tesla","Comparing pedestrian safety between electric and internal combustion engine vehicles - Nature","https://www.nature.com/articles/s41467-025-66463-8","",45.85,0
"tesla","Nokia and du show off some autonomous network slicing - Telecoms","https://www.telecoms.com/5g-6g/nokia-and-du-show-off-some-autonomous-network-slicing","",45.85,0.5
"tesla","Fed Meeting: Job Openings Jump, But Don't Worry About Hawkish Shift - Investor's Business Daily","https://www.investors.com/news/economy/federal-reserve-meeting-dec-rate-cut-projections-sp-500/","",35.85,0
"tesla","Most Read Articles on UST This Week - Unmanned Systems Technology","https://www.unmannedsystemstechnology.com/2025/12/most-read-articles-on-ust-this-week-123/","",20.85,0
